Filename,spacing_x,spacing_y,spacing_z,Direction,size_x,size_y,size_z
Case_00022_0000.nii.gz,0.7734375,0.7734375,0.5,"(-1.0, 0.0, 0.0, 0.0, -1.0, 0.0, 0.0, 0.0, 1.0)",512,512,553
Case_00272_0000.nii.gz,0.767578125,0.767578125,0.699999988,"(-1.0, 0.0, 0.0, 0.0, -1.0, 0.0, 0.0, 0.0, 1.0)",512,512,601
Case_00260_0000.nii.gz,0.781000018,0.781000018,0.800000012,"(-1.0, 0.0, 0.0, 0.0, -1.0, 0.0, 0.0, 0.0, 1.0)",512,512,781
Case_00914_0000.nii.gz,0.939453125,0.939453125,1,"(1.0, 0.0, 0.0, 0.0, -1.0, 0.0, 0.0, 0.0, -1.0)",512,512,211
Case_01025_0000.nii.gz,0.78125,0.78125,1,"(1.0, 0.0, 0.0, 0.0, -1.0, 0.0, 0.0, 0.0, -1.0)",512,512,247
Case_00066_0000.nii.gz,0.76953125,0.76953125,1,"(-1.0, 0.0, 0.0, 0.0, -1.0, 0.0, 0.0, 0.0, 1.0)",512,512,501
